成分券代码,日期,指数代码,指数名称,指数英文名称,成分券名称,成分券英文名称,交易所,交易所英文名称,权重,市盈率-动态,市净率,总市值,盈利,净资产
600519,2022-08-31,000300,沪深300,CSI 300,贵州茅台,Kweichow Moutai Co Ltd,上海证券交易所,Shanghai  Exchange,6.326,39.53,12.26,2355370875000.0,59584388439.16013,192118342169.65744
300750,2022-08-31,000300,沪深300,CSI 300,宁德时代,"Contemporary Amperex Technology Co., Limited.",深圳证券交易所,Shenzhen  Exchange,3.536,69.66,8.15,1137894011724.0,16334970021.877693,139618897144.04907
601318,2022-08-31,000300,沪深300,CSI 300,中国平安,Ping An Insurance (Group) Company of China Ltd,上海证券交易所,Shanghai  Exchange,2.486,6.63,0.94,798846549617.0,120489675658.6727,849836754911.7021
600036,2022-08-31,000300,沪深300,CSI 300,招商银行,China Merchants Bank Co Ltd,上海证券交易所,Shanghai  Exchange,2.271,6.23,1.19,865545101026.0,138931797917.49597,727348824391.5967
858,2022-08-31,000300,沪深300,CSI 300,五 粮 液,Wuliangye Yibin Co Ltd,深圳证券交易所,Shenzhen  Exchange,1.699,20.8,6.13,628199439529.0,30201896131.201923,102479517052.03915
601012,2022-08-31,000300,沪深300,CSI 300,隆基绿能,"Longi Green Energy Technology Co., Ltd.",上海证券交易所,Shanghai  Exchange,1.625,29.8,7.3,386282815051.0,12962510572.181208,52915454116.57534
600900,2022-08-31,000300,沪深300,CSI 300,长江电力,China Yangtze Power Co Ltd,上海证券交易所,Shanghai  Exchange,1.427,23.99,3.1,541711086859.0,22580703912.421844,174745511890.0
2594,2022-08-31,000300,沪深300,CSI 300,比亚迪,BYD Co Ltd,深圳证券交易所,Shenzhen  Exchange,1.367,114.17,8.5,820942285110.0,7190525401.681703,96581445307.05882
333,2022-08-31,000300,沪深300,CSI 300,美的集团,"Midea Group CO., LTD",深圳证券交易所,Shenzhen  Exchange,1.365,11.74,2.9,375443875042.0,31979887141.56729,129463405186.89656
601166,2022-08-31,000300,沪深300,CSI 300,兴业银行,Industrial Bank,上海证券交易所,Shanghai  Exchange,1.303,3.94,0.57,353785323600.0,89793229340.10152,620676006315.7896
300059,2022-08-31,000300,沪深300,CSI 300,东方财富,East Money Information Co Ltd,深圳证券交易所,Shenzhen  Exchange,1.229,32.56,4.73,289390159714.0,8887904168.120392,61181851947.99154
601888,2022-08-31,000300,沪深300,CSI 300,中国中免,China Tourism Group Duty Free Corporation Limited,上海证券交易所,Shanghai  Exchange,0.999,47.05,11.89,370579863528.0,7876298906.014878,31167356057.86375
600030,2022-08-31,000300,沪深300,CSI 300,中信证券,CITIC Securities Co Ltd,上海证券交易所,Shanghai  Exchange,0.997,12.73,1.24,285147320990.0,22399632442.26237,229957516927.41934
2475,2022-08-31,000300,沪深300,CSI 300,立讯精密,"Luxshare Precision Industry Co., Ltd.",深圳证券交易所,Shenzhen  Exchange,0.974,35.48,6.99,268538728430.0,7568735299.6054125,38417557715.30758
603259,2022-08-31,000300,沪深300,CSI 300,药明康德,"WuXi AppTec Co., Ltd.",上海证券交易所,Shanghai  Exchange,0.963,27.51,6.06,255062006839.0,9271610572.119228,42089440072.442245
600887,2022-08-31,000300,沪深300,CSI 300,伊利股份,Inner Mongolia Yili Industrial Group Co Ltd,上海证券交易所,Shanghai  Exchange,0.958,17.69,4.63,216937806280.0,12263301655.172413,46854817771.05832
568,2022-08-31,000300,沪深300,CSI 300,泸州老窖,Luzhou Lao Jiao Co Ltd,深圳证券交易所,Shenzhen  Exchange,0.902,29.99,13.71,331849199638.0,11065328430.743582,24204901505.324577
2714,2022-08-31,000300,沪深300,CSI 300,牧原股份,"Muyuan Foodstuff Co., Ltd",深圳证券交易所,Shenzhen  Exchange,0.817,-23.49,7.05,314007483247.0,-13367708950.48957,44540068545.67376
600276,2022-08-31,000300,沪深300,CSI 300,恒瑞医药,Jiangsu Hengrui Medicine Co Ltd,上海证券交易所,Shanghai  Exchange,0.81,51.02,6.0,216248177089.0,4238498178.929831,36041362848.166664
601398,2022-08-31,000300,沪深300,CSI 300,工商银行,Industrial and Commercial Bank of China Ltd,上海证券交易所,Shanghai  Exchange,0.804,4.52,0.52,1550367218337.0,343001596977.2124,2981475419878.846
651,2022-08-31,000300,沪深300,CSI 300,格力电器,"Gree Electric Appliances,Inc. of Zhuhai",深圳证券交易所,Shenzhen  Exchange,0.791,8.11,1.95,185949017568.0,22928362215.536377,95358470547.6923
300760,2022-08-31,000300,沪深300,CSI 300,迈瑞医疗,"Shenzhen Mindray Bio-Medical Electronics Co., Ltd.",深圳证券交易所,Shenzhen  Exchange,0.758,33.94,13.2,358882652624.0,10574032192.810843,27188079744.242424
600809,2022-08-31,000300,沪深300,CSI 300,山西汾酒,Shanxi Xinghuacun Fen Wine Factory Co Ltd,上海证券交易所,Shanghai  Exchange,0.749,35.11,19.45,352027784450.0,10026425076.901169,18099114881.748074
600438,2022-08-31,000300,沪深300,CSI 300,通威股份,Tongwei Co Ltd,上海证券交易所,Shanghai  Exchange,0.748,9.61,5.19,235025830687.0,24456381965.3486,45284360440.655106
2415,2022-08-31,000300,沪深300,CSI 300,海康威视,Hangzhou Hikvision Digital Technology Co Ltd,深圳证券交易所,Shenzhen  Exchange,0.738,24.16,4.49,278279657211.0,11518197732.243378,61977651940.08908
600309,2022-08-31,000300,沪深300,CSI 300,万华化学,"Wanhua Chemical Group Co., Ltd.",上海证券交易所,Shanghai  Exchange,0.728,13.15,3.86,273000969131.0,20760529971.939163,70725639671.24353
725,2022-08-31,000300,沪深300,CSI 300,京东方A,BOE Technology Group Co Ltd,深圳证券交易所,Shenzhen  Exchange,0.727,10.55,1.09,139173602265.0,13191810641.232227,127682203912.84402
601899,2022-08-31,000300,沪深300,CSI 300,紫金矿业,Zijin Mining Group Co Ltd,上海证券交易所,Shanghai  Exchange,0.664,8.88,2.9,224325740285.0,25261907689.75225,77353703546.55173
601328,2022-08-31,000300,沪深300,CSI 300,交通银行,Bank of Communications Co LTD,上海证券交易所,Shanghai  Exchange,0.659,3.86,0.42,340123288034.0,88114841459.5855,809817352461.9048
600048,2022-08-31,000300,沪深300,CSI 300,保利发展,"Poly Developments and Holdings Group Co., Ltd.",上海证券交易所,Shanghai  Exchange,0.65,9.41,1.13,203736946974.0,21651110199.14984,180298183162.83188
1,2022-08-31,000300,沪深300,CSI 300,平安银行,"Ping An Bank Co., Ltd.",深圳证券交易所,Shenzhen  Exchange,0.648,5.5,0.71,242768036657.0,44139643028.545456,341926812192.95776
792,2022-08-31,000300,沪深300,CSI 300,盐湖股份,Qinghai Salt Lake Industry Co Ltd,深圳证券交易所,Shenzhen  Exchange,0.633,7.96,7.87,145872738643.0,18325720935.05025,18535290805.972046
300498,2022-08-31,000300,沪深300,CSI 300,温氏股份,"GUANGDONGWENSFOODSTUFFGROUPCO.,LTD",深圳证券交易所,Shenzhen  Exchange,0.631,-22.33,5.37,157371748719.0,-7047548084.146888,29305726018.435753
2142,2022-08-31,000300,沪深300,CSI 300,宁波银行,Bank of Ningbo Co Ltd,深圳证券交易所,Shenzhen  Exchange,0.619,8.73,1.34,196787005602.0,22541466850.17182,146855974329.85074
2466,2022-08-31,000300,沪深300,CSI 300,天齐锂业,"Tianqi Lithium Industries, Inc.",深圳证券交易所,Shenzhen  Exchange,0.618,8.36,7.47,172689334963.0,20656619014.71292,23117715523.828648
300274,2022-08-31,000300,沪深300,CSI 300,阳光电源,Sungrow Power Supply Co Ltd,深圳证券交易所,Shenzhen  Exchange,0.606,89.61,10.15,161380852321.0,1800924587.8919764,15899591361.674877
2,2022-08-31,000300,沪深300,CSI 300,万科A,China Vanke Co Ltd,深圳证券交易所,Shenzhen  Exchange,0.593,7.99,0.83,195395919113.0,24455058712.515644,235416770015.66266
603288,2022-08-31,000300,沪深300,CSI 300,海天味业,Foshan Haitian Flavouring and Food Company Ltd.,上海证券交易所,Shanghai  Exchange,0.586,53.26,15.32,361439035386.0,6786313093.991739,23592626330.678852
300124,2022-08-31,000300,沪深300,CSI 300,汇川技术,Shenzhen Inovance Technology Co Ltd,深圳证券交易所,Shenzhen  Exchange,0.579,38.67,8.93,152717374147.0,3949246810.111197,17101609646.920494
2129,2022-08-31,000300,沪深300,CSI 300,TCL中环,"TCL Zhonghuan Renewable Energy Technology Co., Ltd.",深圳证券交易所,Shenzhen  Exchange,0.57,26.37,4.51,153862841409.0,5834768350.739476,34115929358.980045
601668,2022-08-31,000300,沪深300,CSI 300,中国建筑,China State Construction Engineering Co Ltd,上海证券交易所,Shanghai  Exchange,0.564,3.76,0.62,214284951833.0,56990678678.989365,345620890053.2258
300014,2022-08-31,000300,沪深300,CSI 300,亿纬锂能,Eve Energy Co Ltd,深圳证券交易所,Shenzhen  Exchange,0.563,66.13,9.56,179739335218.0,2717969684.228036,18801185692.259415
300015,2022-08-31,000300,沪深300,CSI 300,爱尔眼科,Aier Eye Hospital Group Co Ltd,深圳证券交易所,Shenzhen  Exchange,0.542,78.32,16.47,202276621452.0,2582694349.489275,12281519213.843353
2812,2022-08-31,000300,沪深300,CSI 300,恩捷股份,"Yunnan Energy New Material Co., Ltd.",深圳证券交易所,Shenzhen  Exchange,0.541,41.98,10.91,169557719120.0,4039011889.471177,15541495794.683777
601088,2022-08-31,000300,沪深300,CSI 300,中国神华,China Shenhua Energy Co Ltd,上海证券交易所,Shanghai  Exchange,0.524,7.4,1.65,609168821820.0,82320111056.75676,369193225345.4546
2304,2022-08-31,000300,沪深300,CSI 300,洋河股份,Jiangsu Yanghe Brewery Joint-Stock Co Ltd,深圳证券交易所,Shenzhen  Exchange,0.519,16.88,5.18,232694017080.0,13785190585.308058,44921624918.91892
600690,2022-08-31,000300,沪深300,CSI 300,海尔智家,"Haier Smart Home Co., Ltd.",上海证券交易所,Shanghai  Exchange,0.513,15.23,2.81,242156214598.0,15899948430.597504,86176588824.91103
2352,2022-08-31,000300,沪深300,CSI 300,顺丰控股,"S.F. Holding Co., Ltd.",深圳证券交易所,Shenzhen  Exchange,0.507,47.2,2.9,237172554972.0,5024842266.355932,81783639645.51724
2460,2022-08-31,000300,沪深300,CSI 300,赣锋锂业,Ganfeng Lithium Co Ltd,深圳证券交易所,Shenzhen  Exchange,0.505,11.52,5.54,167090020415.0,14504342049.913195,30160653504.512634
603799,2022-08-31,000300,沪深300,CSI 300,华友钴业,"ZHEJIANG HUAYOU COBALT CO., LTD.",上海证券交易所,Shanghai  Exchange,0.497,26.4,5.42,119076920975.0,4510489430.871212,21969911619.00369
600089,2022-08-31,000300,沪深300,CSI 300,特变电工,TBEA Co Ltd,上海证券交易所,Shanghai  Exchange,0.492,6.61,2.03,91320210332.0,13815462985.173979,44985325286.69951
600031,2022-08-31,000300,沪深300,CSI 300,三一重工,Sany Heavy Industry Co Ltd,上海证券交易所,Shanghai  Exchange,0.49,25.17,2.11,132580194788.0,5267389542.630115,62834215539.336494
2049,2022-08-31,000300,沪深300,CSI 300,紫光国微,"Unigroup Guoxin Microelectronics Co., Ltd.",深圳证券交易所,Shenzhen  Exchange,0.486,54.87,16.26,131451315103.0,2395686442.5551305,8084336722.201721
600406,2022-08-31,000300,沪深300,CSI 300,国电南瑞,"NARI Technology Co., Ltd.",上海证券交易所,Shanghai  Exchange,0.481,41.81,4.64,176470469127.0,4220771804.042095,38032428691.163795
600837,2022-08-31,000300,沪深300,CSI 300,海通证券,Haitong Securities Company Limited,上海证券交易所,Shanghai  Exchange,0.479,12.8,0.75,121758344000.0,9512370625.0,162344458666.66666
601288,2022-08-31,000300,沪深300,CSI 300,农业银行,Agricultural Bank of China Co Ltd,上海证券交易所,Shanghai  Exchange,0.476,3.84,0.48,990451985861.0,257930204651.3021,2063441637210.4167
601816,2022-08-31,000300,沪深300,CSI 300,京沪高铁,"Beijing-Shanghai High Speed Railway Co.,Ltd",上海证券交易所,Shanghai  Exchange,0.476,-106.78,1.21,219505986211.0,-2055684455.9936318,181409905959.50415
600436,2022-08-31,000300,沪深300,CSI 300,片仔癀,Zhangzhou Pientzehuang Pharmaceutical Co Ltd,上海证券交易所,Shanghai  Exchange,0.475,67.96,18.82,178648259053.0,2628726589.9499707,9492468600.053135
601919,2022-08-31,000300,沪深300,CSI 300,中远海控,"COSCO SHIPPING Holdings Co., Ltd.",上海证券交易所,Shanghai  Exchange,0.471,1.66,1.15,214499974317.0,129216851998.19278,186521716797.39133
600016,2022-08-31,000300,沪深300,CSI 300,民生银行,China Minsheng Banking Corp Ltd,上海证券交易所,Shanghai  Exchange,0.468,3.22,0.32,158492354977.0,49221228253.72671,495288609303.125
600919,2022-08-31,000300,沪深300,CSI 300,江苏银行,"Bank of Jiangsu Co., Ltd",上海证券交易所,Shanghai  Exchange,0.448,4.05,0.69,108409228592.0,26767710763.45679,157114824046.37683
601225,2022-08-31,000300,沪深300,CSI 300,陕西煤业,Shaanxi Coal Industry Company Limited,上海证券交易所,Shanghai  Exchange,0.447,4.55,2.3,224051450000.0,49242076923.07693,97413673913.04349
600000,2022-08-31,000300,沪深300,CSI 300,浦发银行,Shanghai Pudong Development Bank Co Ltd,上海证券交易所,Shanghai  Exchange,0.447,3.51,0.37,211629169414.0,60293210659.25926,571970728145.9459
63,2022-08-31,000300,沪深300,CSI 300,中兴通讯,ZTE Corporation,深圳证券交易所,Shenzhen  Exchange,0.408,12.59,2.09,114945450569.0,9129900760.047657,54997823238.75598
688981,2022-08-31,000300,沪深300,CSI 300,中芯国际,Semiconductor Manufacturing International Corporation,上海证券交易所,Shanghai  Exchange,0.408,25.59,2.62,320008945279.0,12505234282.102385,122140818808.77863
2241,2022-08-31,000300,沪深300,CSI 300,歌尔股份,GoerTek Inc,深圳证券交易所,Shenzhen  Exchange,0.407,26.78,3.78,111354128016.0,4158107842.270351,29458764025.396828
688599,2022-08-31,000300,沪深300,CSI 300,天合光能,"Trina Solar Co., Ltd.",上海证券交易所,Shanghai  Exchange,0.406,62.16,6.84,157800363812.0,2538615891.4414415,23070228627.485382
601688,2022-08-31,000300,沪深300,CSI 300,华泰证券,Huatai Securities Co Ltd,上海证券交易所,Shanghai  Exchange,0.405,10.91,0.84,117270318000.0,10748883409.715857,139607521428.57144
603986,2022-08-31,000300,沪深300,CSI 300,兆易创新,GigaDevice Semiconductor (Beijing) Inc.,上海证券交易所,Shanghai  Exchange,0.405,24.75,5.2,75590649302.0,3054167648.5656567,14536663327.307692
600585,2022-08-31,000300,沪深300,CSI 300,海螺水泥,Anhui Conch Cement Co Ltd,上海证券交易所,Shanghai  Exchange,0.401,8.39,0.92,165179261387.0,19687635445.4112,179542675420.65216
300122,2022-08-31,000300,沪深300,CSI 300,智飞生物,Chongqing Zhifei Biological Products Co Ltd,深圳证券交易所,Shenzhen  Exchange,0.394,20.82,7.6,155280000000.0,7458213256.48415,20431578947.368423
2371,2022-08-31,000300,沪深300,CSI 300,北方华创,"NAURA Technology Group Co.,Ltd.",深圳证券交易所,Shenzhen  Exchange,0.389,99.78,8.5,150585833901.0,1509178531.7799158,17715980458.941177
625,2022-08-31,000300,沪深300,CSI 300,长安汽车,Chongqing Changan Automobile Co Ltd,深圳证券交易所,Shenzhen  Exchange,0.378,12.2,2.35,142873911677.0,11710976366.967215,60797409224.25532
600104,2022-08-31,000300,沪深300,CSI 300,上汽集团,SAIC Motor Co Ltd,上海证券交易所,Shanghai  Exchange,0.378,12.9,0.64,178289620430.0,13820900808.527132,278577531921.875
601601,2022-08-31,000300,沪深300,CSI 300,中国太保,China Pacific Insurance (Group) Co Ltd,上海证券交易所,Shanghai  Exchange,0.376,7.5,0.88,199622085191.0,26616278025.466667,226843278626.13635
300142,2022-08-31,000300,沪深300,CSI 300,沃森生物,Walvax Biotechnology Co Ltd,深圳证券交易所,Shenzhen  Exchange,0.366,83.71,7.87,70486987296.0,842037836.5308805,8956415158.322744
2230,2022-08-31,000300,沪深300,CSI 300,科大讯飞,"Iflytek Co.,Ltd.",深圳证券交易所,Shenzhen  Exchange,0.365,156.22,5.13,86885116556.0,556171530.8923314,16936669893.957115
601211,2022-08-31,000300,沪深300,CSI 300,国泰君安,"Guotai Junan Securities Co., Ltd.",上海证券交易所,Shanghai  Exchange,0.349,10.22,0.96,130215545722.0,12741247135.225048,135641193460.41667
603501,2022-08-31,000300,沪深300,CSI 300,韦尔股份,"Will Semiconductor CO.,Ltd. Shanghai",上海证券交易所,Shanghai  Exchange,0.349,23.45,5.55,106419617388.0,4538149995.223881,19174705835.675674
600050,2022-08-31,000300,沪深300,CSI 300,中国联通,China United Network Communications Co Ltd,上海证券交易所,Shanghai  Exchange,0.346,11.42,0.71,109310319717.0,9571831849.124344,153958196784.50705
600111,2022-08-31,000300,沪深300,CSI 300,北方稀土,"China Northern Rare Earth (Group) High-Tech Co.,Ltd",上海证券交易所,Shanghai  Exchange,0.344,17.52,6.47,109573270560.0,6254182109.589042,16935590503.863989
2709,2022-08-31,000300,沪深300,CSI 300,天赐材料,"Guangzhou Tinci Materials Technology Co., Ltd",深圳证券交易所,Shenzhen  Exchange,0.335,15.61,9.79,90732520406.0,5812461268.802051,9267877467.415731
601988,2022-08-31,000300,沪深300,CSI 300,中国银行,Bank of China Ltd,上海证券交易所,Shanghai  Exchange,0.335,3.73,0.47,894938885373.0,239929996078.55228,1904125288027.6597
338,2022-08-31,000300,沪深300,CSI 300,潍柴动力,Wei Chai Power Co Ltd,深圳证券交易所,Shenzhen  Exchange,0.33,20.97,1.4,100093606737.0,4773181055.65093,71495433383.57143
600660,2022-08-31,000300,沪深300,CSI 300,福耀玻璃,"Fuyao Glass Industry Group Co.,Ltd",上海证券交易所,Shanghai  Exchange,0.328,21.79,3.91,103815597703.0,4764368871.1794405,26551303760.358055
2459,2022-08-31,000300,沪深300,CSI 300,晶澳科技,"JA Solar Technology Co., Ltd.",深圳证券交易所,Shenzhen  Exchange,0.322,46.04,6.68,156769024183.0,3405061341.9417896,23468416793.862278
2027,2022-08-31,000300,沪深300,CSI 300,分众传媒,"Focus Media Information Technology Co., Ltd.",深圳证券交易所,Shenzhen  Exchange,0.321,30.15,4.27,84631290394.0,2807007973.2669983,19819974331.147545
600893,2022-08-31,000300,沪深300,CSI 300,航发动力,AVIC AVIATION ENGINE CORPORATION PLC.,上海证券交易所,Shanghai  Exchange,0.321,92.52,3.19,120538171442.0,1302833673.173368,37786260640.12539
2271,2022-08-31,000300,沪深300,CSI 300,东方雨虹,Beijing Oriental Yuhong Waterproof Technology Co Ltd,深圳证券交易所,Shenzhen  Exchange,0.32,39.78,2.93,76878234811.0,1932585088.2604322,26238305396.24573
601169,2022-08-31,000300,沪深300,CSI 300,北京银行,Bank of Beijing Co Ltd,上海证券交易所,Shanghai  Exchange,0.32,3.22,0.39,87531954886.0,27183836921.11801,224440909964.10257
601766,2022-08-31,000300,沪深300,CSI 300,中国中车,CRRC Corporation Limited,上海证券交易所,Shanghai  Exchange,0.319,22.64,0.97,141772388595.0,6262031298.365725,146157101644.3299
300450,2022-08-31,000300,沪深300,CSI 300,先导智能,"WUXI LEAD INTELLIGENT EQUIPMENT CO., LTD.",深圳证券交易所,Shenzhen  Exchange,0.316,49.71,8.48,80768035828.0,1624784466.4654999,9524532526.886791
601985,2022-08-31,000300,沪深300,CSI 300,中国核电,"China National Nuclear Power Co.,Ltd.",上海证券交易所,Shanghai  Exchange,0.314,10.94,1.5,118946035087.0,10872580903.747715,79297356724.66667
601390,2022-08-31,000300,沪深300,CSI 300,中国中铁,China Railway Group Limited,上海证券交易所,Shanghai  Exchange,0.309,4.73,0.6,143006758288.0,30233986953.065536,238344597146.6667
601669,2022-08-31,000300,沪深300,CSI 300,中国电建,"Power Construction Corporation of China,Ltd",上海证券交易所,Shanghai  Exchange,0.309,9.49,1.17,115867168691.0,12209396068.598524,99031768111.96582
601229,2022-08-31,000300,沪深300,CSI 300,上海银行,"Bank of Shanghai Co., Ltd.",上海证券交易所,Shanghai  Exchange,0.308,3.31,0.44,83961336889.0,25365962806.34441,190821220202.27274
100,2022-08-31,000300,沪深300,CSI 300,TCL科技,TCL Technology Group Corporation,深圳证券交易所,Shenzhen  Exchange,0.305,43.35,1.48,57525633926.0,1327004242.8143022,38868671571.62162
661,2022-08-31,000300,沪深300,CSI 300,长春高新,Chang Chun High and New Technology Industry (Group) Inc.,深圳证券交易所,Shenzhen  Exchange,0.3,16.8,4.45,71214582228.0,4238963227.8571424,16003276905.16854
600028,2022-08-31,000300,沪深300,CSI 300,中国石化,China Petroleum & Chemical Corporation,上海证券交易所,Shanghai  Exchange,0.299,5.92,0.66,515763353092.0,87122188022.2973,781459625896.9696
300347,2022-08-31,000300,沪深300,CSI 300,泰格医药,"Hangzhou Tigermed Consulting Co., Ltd.",深圳证券交易所,Shenzhen  Exchange,0.298,38.36,4.9,91457713698.0,2384194830.500521,18664839530.20408
601009,2022-08-31,000300,沪深300,CSI 300,南京银行,Bank of Nanjing Co Ltd,上海证券交易所,Shanghai  Exchange,0.286,5.37,0.93,109034652432.0,20304404549.72067,117241561754.8387
600009,2022-08-31,000300,沪深300,CSI 300,上海机场,Shanghai International Airport Co Ltd,上海证券交易所,Shanghai  Exchange,0.279,-51.7,2.87,130038249337.0,-2515246602.263056,45309494542.50871
600905,2022-08-31,000300,沪深300,CSI 300,三峡能源,"China Three Gorges Renewables (Group) Co.,Ltd.",上海证券交易所,Shanghai  Exchange,0.274,17.1,2.31,172295470200.0,10075758491.22807,74586783636.36363
601857,2022-08-31,000300,沪深300,CSI 300,中国石油,PetroChina Co Ltd,上海证券交易所,Shanghai  Exchange,0.272,6.02,0.74,991973699774.0,164779684347.84055,1340504999694.5947
600570,2022-08-31,000300,沪深300,CSI 300,恒生电子,Hundsun Technologies Inc.,上海证券交易所,Shanghai  Exchange,0.268,-340.84,11.44,65303221412.0,-191594946.050933,5708323550.0
600196,2022-08-31,000300,沪深300,CSI 300,复星医药,Shanghai Fosun Pharmaceutical (Group) Co Ltd,上海证券交易所,Shanghai  Exchange,0.268,34.69,2.52,107346836034.0,3094460537.1576824,42597950807.14286
601628,2022-08-31,000300,沪深300,CSI 300,中国人寿,China Life Insurance Company Limited,上海证券交易所,Shanghai  Exchange,0.268,16.51,1.8,839461738500.0,50845653452.45306,466367632500.0
2311,2022-08-31,000300,沪深300,CSI 300,海大集团,Guangdong Haid Group Co Ltd,深圳证券交易所,Shenzhen  Exchange,0.265,54.71,6.61,100500244191.0,1836962971.8698592,15204272948.71407
600999,2022-08-31,000300,沪深300,CSI 300,招商证券,China Merchants Securities Co Ltd,上海证券交易所,Shanghai  Exchange,0.257,13.34,1.24,114446292767.0,8579182366.341829,92295397392.74194
601658,2022-08-31,000300,沪深300,CSI 300,邮储银行,"POSTAL SAVINGS BANK OF CHINA CO., LTD.",上海证券交易所,Shanghai  Exchange,0.257,4.36,0.63,411108655842.0,94290976110.55045,652553421971.4286
300316,2022-08-31,000300,沪深300,CSI 300,晶盛机电,"Zhejiang Jingsheng Mechanical & Electrical Co., Ltd.",深圳证券交易所,Shenzhen  Exchange,0.256,40.16,10.76,96949296831.0,2414076116.309761,9010157698.048326
776,2022-08-31,000300,沪深300,CSI 300,广发证券,"GF Securities Co., Ltd.",深圳证券交易所,Shenzhen  Exchange,0.255,14.61,1.16,122699511390.0,8398323845.9958935,105775440853.44829
2179,2022-08-31,000300,沪深300,CSI 300,中航光电,"AVIC Jonhon Optronic Technology Co.,Ltd.",深圳证券交易所,Shenzhen  Exchange,0.253,33.01,6.18,99605899994.0,3017446228.2338686,16117459545.954693
300896,2022-08-31,000300,沪深300,CSI 300,爱美客,"IMEIK TECHNOLOGY DEVELOPMENT CO.,LTD.",深圳证券交易所,Shenzhen  Exchange,0.253,98.37,22.54,116265373200.0,1181919011.89387,5158179822.537711
600745,2022-08-31,000300,沪深300,CSI 300,闻泰科技,"Wingtech Technology Co.,Ltd.",上海证券交易所,Shanghai  Exchange,0.253,33.35,2.39,78831158887.0,2363752890.1649175,32983748488.284515
601818,2022-08-31,000300,沪深300,CSI 300,光大银行,China Everbright Bank Co Ltd,上海证券交易所,Shanghai  Exchange,0.249,3.33,0.41,155071637229.0,46568059227.927925,378223505436.5854
600019,2022-08-31,000300,沪深300,CSI 300,宝钢股份,Baoshan Iron &Steel Co Ltd,上海证券交易所,Shanghai  Exchange,0.249,7.53,0.61,117354528869.0,15584930792.695883,192384473555.7377
2410,2022-08-31,000300,沪深300,CSI 300,广联达,Glodon Software Co Ltd,深圳证券交易所,Shenzhen  Exchange,0.245,73.56,10.48,58384054874.0,793692970.0108755,5570997602.480916
895,2022-08-31,000300,沪深300,CSI 300,双汇发展,Henan Shuanghui Investment & Development Co Ltd,深圳证券交易所,Shenzhen  Exchange,0.243,16.74,4.34,91397762799.0,5459842461.111112,21059392350.0
1979,2022-08-31,000300,沪深300,CSI 300,招商蛇口,"CHINA MERCHANTS SHEKOU INDUSTRIAL ZONE HOLDINGS CO.,LTD",深圳证券交易所,Shenzhen  Exchange,0.243,29.74,1.37,112216923639.0,3773265757.8681912,81910163240.14598
2050,2022-08-31,000300,沪深300,CSI 300,三花智控,"ZHEJIANG SANHUA INTELLIGENT CONTROLS CO.,LTD.",深圳证券交易所,Shenzhen  Exchange,0.241,46.45,8.27,93189599681.0,2006234654.058127,11268391738.935913
600760,2022-08-31,000300,沪深300,CSI 300,中航沈飞,AVIC SHENYANG AIRCRAFT COMPANY LIMITED,上海证券交易所,Shanghai  Exchange,0.241,51.38,9.84,114965261939.0,2237548889.4316854,11683461579.166666
600010,2022-08-31,000300,沪深300,CSI 300,包钢股份,Inner Mongolia Baotou Steel Union Co Ltd,上海证券交易所,Shanghai  Exchange,0.24,108.75,1.66,91170065296.0,838345428.0091954,54921726081.92771
688012,2022-08-31,000300,沪深300,CSI 300,中微公司,Advanced Micro-Fabrication Equipment Inc. China,上海证券交易所,Shanghai  Exchange,0.238,81.35,5.18,76112355725.0,935615927.7811924,14693504966.216217
600958,2022-08-31,000300,沪深300,CSI 300,东方证券,ORIENT SECURITIES COMPANY LIMITED,上海证券交易所,Shanghai  Exchange,0.237,55.39,1.04,71711686264.0,1294668464.7770355,68953544484.61539
600150,2022-08-31,000300,沪深300,CSI 300,中国船舶,China CSSC Holdings Limited,上海证券交易所,Shanghai  Exchange,0.235,298.15,2.52,116730390584.0,391515648.4454134,46321583565.07936
603659,2022-08-31,000300,沪深300,CSI 300,璞泰来,"Shanghai Putailai New Energy Technology Co., Ltd.",上海证券交易所,Shanghai  Exchange,0.231,30.94,7.38,86361209367.0,2791247878.700711,11702060889.837399
600188,2022-08-31,000300,沪深300,CSI 300,兖矿能源,Yankuang Energy Group Company Limited,上海证券交易所,Shanghai  Exchange,0.23,6.76,4.11,243921602416.0,36083077280.47337,59348321755.71776
600426,2022-08-31,000300,沪深300,CSI 300,华鲁恒升,Shandong Hualu-Hengsheng Chemical Co Ltd,上海证券交易所,Shanghai  Exchange,0.227,6.61,2.38,59641687972.0,9022948255.975794,25059532761.34454
601989,2022-08-31,000300,沪深300,CSI 300,中国重工,China Shipbuilding Industry Co Ltd,上海证券交易所,Shanghai  Exchange,0.226,-73.39,1.01,86191693525.0,-1174433758.3458238,85338310420.79208
601377,2022-08-31,000300,沪深300,CSI 300,兴业证券,Industrial Securities Co Ltd,上海证券交易所,Shanghai  Exchange,0.226,19.14,1.0,52593162620.0,2747814138.9759665,52593162620.0
2493,2022-08-31,000300,沪深300,CSI 300,荣盛石化,Rongsheng Petro Chemical Co Ltd,深圳证券交易所,Shenzhen  Exchange,0.225,13.25,2.75,142263626250.0,10736877452.830189,51732227727.27273
600926,2022-08-31,000300,沪深300,CSI 300,杭州银行,"BANK OF HANGZHOU CO., LTD",上海证券交易所,Shanghai  Exchange,0.222,6.38,1.11,84091297515.0,13180454155.956114,75757925689.18918
2920,2022-08-31,000300,沪深300,CSI 300,德赛西威,"Huizhou Desay SV Automotive Co., Ltd.",深圳证券交易所,Shenzhen  Exchange,0.222,75.77,13.88,78959962800.0,1042100604.4608685,5688758126.801152
300496,2022-08-31,000300,沪深300,CSI 300,中科创达,"Thunder Software Technology Co., Ltd.",深圳证券交易所,Shenzhen  Exchange,0.219,64.5,9.36,50655166998.0,785351426.3255814,5411876816.025641
2001,2022-08-31,000300,沪深300,CSI 300,新和成,Zhejiang NHU Co Ltd,深圳证券交易所,Shenzhen  Exchange,0.218,15.41,3.09,68247234420.0,4428762778.71512,22086483631.067963
596,2022-08-31,000300,沪深300,CSI 300,古井贡酒,Anhui Gujing Distillery Co Ltd,深圳证券交易所,Shenzhen  Exchange,0.218,33.84,7.51,129861162000.0,3837504787.234042,17291765912.117176
601633,2022-08-31,000300,沪深300,CSI 300,长城汽车,Great Wall Motor Co Ltd,上海证券交易所,Shanghai  Exchange,0.216,25.88,4.18,289869571851.0,11200524414.644514,69346787524.16269
600346,2022-08-31,000300,沪深300,CSI 300,恒力石化,"Hengli Petrochemical Co.,Ltd.",上海证券交易所,Shanghai  Exchange,0.212,8.4,2.28,134798760902.0,16047471535.952381,59122263553.50877
300661,2022-08-31,000300,沪深300,CSI 300,圣邦股份,SG Micro Corp.,深圳证券交易所,Shenzhen  Exchange,0.209,52.04,18.78,56209952682.0,1080129759.454266,2993075222.683706
600795,2022-08-31,000300,沪深300,CSI 300,国电电力,GD Power Development Co Ltd,上海证券交易所,Shanghai  Exchange,0.203,17.12,1.74,79903573487.0,4667264806.4836445,45921593958.045975
768,2022-08-31,000300,沪深300,CSI 300,中航西飞,AVIC XI'AN AIRCRAFT INDUSTRY GROUP COMPANY LTD.,深圳证券交易所,Shenzhen  Exchange,0.202,78.18,4.71,75500951086.0,965732298.3627526,16029925920.59448
601006,2022-08-31,000300,沪深300,CSI 300,大秦铁路,Daqin Railway Co Ltd,上海证券交易所,Shanghai  Exchange,0.201,6.6,0.8,96635024291.0,14641670347.121212,120793780363.75
600600,2022-08-31,000300,沪深300,CSI 300,青岛啤酒,Tsingtao Brewery Co Ltd,上海证券交易所,Shanghai  Exchange,0.201,24.4,5.68,139164188886.0,5703450364.180328,24500737479.929577
166,2022-08-31,000300,沪深300,CSI 300,申万宏源,"Shenwan Hongyuan Group CO., LTD",深圳证券交易所,Shenzhen  Exchange,0.197,15.49,1.09,104166169370.0,6724736563.589413,95565293000.0
538,2022-08-31,000300,沪深300,CSI 300,云南白药,"Yunnan Baiyao Group Co., Ltd.",深圳证券交易所,Shenzhen  Exchange,0.197,30.95,2.51,92879825158.0,3000963656.155089,37003914405.57769
601939,2022-08-31,000300,沪深300,CSI 300,建设银行,China Construction Bank,上海证券交易所,Shanghai  Exchange,0.194,4.24,0.54,1370060156623.0,323127395429.9528,2537148438190.7407
601138,2022-08-31,000300,沪深300,CSI 300,工业富联,"Foxconn Industrial Internet Co., Ltd.",上海证券交易所,Shanghai  Exchange,0.193,13.45,1.59,184906240058.0,13747675840.743496,116293232740.8805
963,2022-08-31,000300,沪深300,CSI 300,华东医药,Huadong Medicine Co Ltd,深圳证券交易所,Shenzhen  Exchange,0.193,26.73,4.13,71672199086.0,2681339284.923307,17354043362.227604
2074,2022-08-31,000300,沪深300,CSI 300,国轩高科,"GUOXUAN HIGH-TECH CO.,LTD.",深圳证券交易所,Shenzhen  Exchange,0.192,463.83,3.2,59948081940.0,129245805.4459608,18733775606.25
600011,2022-08-31,000300,沪深300,CSI 300,华能国际,Huaneng Power International Inc,上海证券交易所,Shanghai  Exchange,0.188,-21.39,2.41,128724365544.0,-6017969403.646564,53412599810.788376
2202,2022-08-31,000300,沪深300,CSI 300,金风科技,Xinjiang Goldwind Science & Technology Co Ltd,深圳证券交易所,Shenzhen  Exchange,0.185,14.01,1.55,53785111146.0,3839051473.66167,34700071707.09677
2821,2022-08-31,000300,沪深300,CSI 300,凯莱英,"Asymchem Laboratories (Tianjin) Co., Ltd.",深圳证券交易所,Shenzhen  Exchange,0.185,17.52,4.18,60969739987.0,3480007990.125571,14586062197.846891
601600,2022-08-31,000300,沪深300,CSI 300,中国铝业,Aluminum Corporation of China Limited,上海证券交易所,Shanghai  Exchange,0.185,9.56,1.31,76250497467.0,7975993458.891213,58206486616.03053
600584,2022-08-31,000300,沪深300,CSI 300,长电科技,"JCET Group Co., Ltd.",上海证券交易所,Shanghai  Exchange,0.185,14.34,1.96,44275278640.0,3087536864.7140865,22589427877.55102
876,2022-08-31,000300,沪深300,CSI 300,新 希 望,"NEW HOPE LIUHE CO., LTD",深圳证券交易所,Shenzhen  Exchange,0.185,-8.55,3.01,70781041722.0,-8278484411.929824,23515296253.156147
603993,2022-08-31,000300,沪深300,CSI 300,洛阳钼业,"China Molybdenum Co., Ltd.",上海证券交易所,Shanghai  Exchange,0.182,12.76,2.28,105836278857.0,8294379220.768025,46419420551.315796
603806,2022-08-31,000300,沪深300,CSI 300,福斯特,"HANGZHOU FIRST PV MATERIAL Co., LTD.",上海证券交易所,Shanghai  Exchange,0.181,39.79,6.52,84113713253.0,2113941021.6888666,12900876265.797546
600588,2022-08-31,000300,沪深300,CSI 300,用友网络,"Yonyou Network Technology Co., Ltd.",上海证券交易所,Shanghai  Exchange,0.181,-135.26,6.29,69192496983.0,-511551803.80748194,11000396976.62957
601066,2022-08-31,000300,沪深300,CSI 300,中信建投,"China Securities Co., Ltd.",上海证券交易所,Shanghai  Exchange,0.181,23.84,3.16,208577523091.0,8749057176.635906,66005545281.96202
600176,2022-08-31,000300,沪深300,CSI 300,中国巨石,"CHINA JUSHI CO., LTD.",上海证券交易所,Shanghai  Exchange,0.181,6.72,2.26,56524290599.0,8411352767.708334,25010748052.65487
301,2022-08-31,000300,沪深300,CSI 300,东方盛虹,"Jiangsu Eastern Shenghong Co.,Ltd.",深圳证券交易所,Shenzhen  Exchange,0.18,36.38,3.85,119045621112.0,3272282053.6558547,30920940548.571426
300763,2022-08-31,000300,沪深300,CSI 300,锦浪科技,"Ginlong Technologies Co., Ltd.",深圳证券交易所,Shenzhen  Exchange,0.179,106.67,31.81,84951457290.0,796395024.7492266,2670589666.457089
601186,2022-08-31,000300,沪深300,CSI 300,中国铁建,China Railway Construction Co Ltd,上海证券交易所,Shanghai  Exchange,0.179,3.76,0.47,101439175005.0,26978503990.69149,215828031925.53192
601877,2022-08-31,000300,沪深300,CSI 300,正泰电器,Zhejiang Chint Electrics Co Ltd,上海证券交易所,Shanghai  Exchange,0.178,19.18,2.02,65402195421.0,3409916341.0323253,32377324465.841583
601838,2022-08-31,000300,沪深300,CSI 300,成都银行,"BANK OF CHENGDU CO., LTD.",上海证券交易所,Shanghai  Exchange,0.178,6.22,1.16,55411935464.0,8908671296.463022,47768909882.75862
600460,2022-08-31,000300,沪深300,CSI 300,士兰微,Hangzhou Silan Microelectronics Co Ltd,上海证券交易所,Shanghai  Exchange,0.176,47.18,8.02,56557909489.0,1198768747.1174226,7052108415.087282
300759,2022-08-31,000300,沪深300,CSI 300,康龙化成,"Pharmaron Beijing Co., Ltd.",深圳证券交易所,Shenzhen  Exchange,0.176,66.68,7.84,78074483081.0,1170883069.6010797,9958479984.821428
3816,2022-08-31,000300,沪深300,CSI 300,中国广核,"CGN Power Co., Ltd.",深圳证券交易所,Shenzhen  Exchange,0.174,12.02,1.38,141901097191.0,11805415739.68386,102826882022.46378
600886,2022-08-31,000300,沪深300,CSI 300,国投电力,"SDIC Power Holdings Co.,Ltd.",上海证券交易所,Shanghai  Exchange,0.174,18.35,1.83,86170318453.0,4695930160.92643,47087605712.02186
688111,2022-08-31,000300,沪深300,CSI 300,金山办公,"Beijing Kingsoft Office Software, Inc.",上海证券交易所,Shanghai  Exchange,0.174,83.58,10.82,86871074987.0,1039376345.8602537,8028749998.798521
300207,2022-08-31,000300,沪深300,CSI 300,欣旺达,Sunwoda Electronic Co Ltd,深圳证券交易所,Shenzhen  Exchange,0.172,62.97,3.13,46849762643.0,744001312.418612,14967975285.303514
300782,2022-08-31,000300,沪深300,CSI 300,卓胜微,Maxscend Microelectronics Company Limited,深圳证券交易所,Shenzhen  Exchange,0.171,36.21,6.54,54468712151.0,1504245019.359293,8328549258.562691
600029,2022-08-31,000300,沪深300,CSI 300,南方航空,China Southern Airlines Co Ltd,上海证券交易所,Shanghai  Exchange,0.171,-4.67,1.91,107194193716.0,-22953788804.282654,56122614510.99477
300751,2022-08-31,000300,沪深300,CSI 300,迈为股份,"Suzhou Maxwell Technologies Co., Ltd.",深圳证券交易所,Shenzhen  Exchange,0.17,98.26,13.04,77870561498.0,792495028.4754732,5971668826.533743
600547,2022-08-31,000300,沪深300,CSI 300,山东黄金,Shandong Gold-Mining Co Ltd,上海证券交易所,Shanghai  Exchange,0.169,71.17,3.37,79134968297.0,1111914687.3261206,23482186438.27893
600085,2022-08-31,000300,沪深300,CSI 300,同仁堂,Beijing Tongrentang Co Ltd,上海证券交易所,Shanghai  Exchange,0.168,40.85,5.5,60742417904.0,1486962494.5899632,11044075982.545454
600015,2022-08-31,000300,沪深300,CSI 300,华夏银行,Hua Xia Bank Co Ltd,上海证券交易所,Shanghai  Exchange,0.166,3.44,0.33,79244203512.0,23036105672.093025,240133950036.36362
600383,2022-08-31,000300,沪深300,CSI 300,金地集团,Gemdale Corporation,上海证券交易所,Shanghai  Exchange,0.165,13.17,0.84,51782273571.0,3931835502.733485,61645563775.0
601117,2022-08-31,000300,沪深300,CSI 300,中国化学,China National Chemical Engineering Co Ltd,上海证券交易所,Shanghai  Exchange,0.165,10.26,1.09,54374288233.0,5299638229.337232,49884668103.66972
601788,2022-08-31,000300,沪深300,CSI 300,光大证券,Everbright Securities Co Ltd,上海证券交易所,Shanghai  Exchange,0.164,17.34,1.36,73080984078.0,4214589623.8754325,53736017704.41176
300408,2022-08-31,000300,沪深300,CSI 300,三环集团,"CHAOZHOU THREE-CIRCLE(GROUP)CO.,LTD",深圳证券交易所,Shenzhen  Exchange,0.163,27.63,3.15,51898748807.0,1878347767.1733623,16475793272.063492
601238,2022-08-31,000300,沪深300,CSI 300,广汽集团,"Guangzhou Automobile Group Co., Ltd.",上海证券交易所,Shanghai  Exchange,0.161,12.68,1.48,145867569739.0,11503751556.70347,98559168742.56757
603019,2022-08-31,000300,沪深300,CSI 300,中科曙光,"Dawning Information Industry Co., Ltd.",上海证券交易所,Shanghai  Exchange,0.161,40.85,2.98,39425896320.0,965138220.8078336,13230166550.335571
425,2022-08-31,000300,沪深300,CSI 300,徐工机械,XCMG Construction Machinery Co Ltd,深圳证券交易所,Shenzhen  Exchange,0.161,13.09,0.78,60747628122.0,4640766090.297937,77881574515.38461
601111,2022-08-31,000300,沪深300,CSI 300,中国国航,Air China Ltd,上海证券交易所,Shanghai  Exchange,0.161,-3.66,3.31,142197940661.0,-38851896355.46448,42960102918.73112
600989,2022-08-31,000300,沪深300,CSI 300,宝丰能源,"Ningxia Baofeng Energy Group Co., Ltd.",上海证券交易所,Shanghai  Exchange,0.156,12.24,3.01,98267024000.0,8028351633.986928,32646851827.242527
600741,2022-08-31,000300,沪深300,CSI 300,华域汽车,HUAYU Automotive Systems Company Limited,上海证券交易所,Shanghai  Exchange,0.154,11.55,1.19,58136230265.0,5033439849.783549,48853975012.60504
601868,2022-08-31,000300,沪深300,CSI 300,中国能建,China Energy Engineering Corporation Limited,上海证券交易所,Shanghai  Exchange,0.153,16.57,1.06,92554383272.0,5585659823.295112,87315455916.98112
603369,2022-08-31,000300,沪深300,CSI 300,今世缘,"Jiangsu King's Luck Brewery Joint-Stock Co., Ltd.",上海证券交易所,Shanghai  Exchange,0.152,16.87,5.36,54583295000.0,3235524303.4973326,10183450559.701492
600941,2022-08-31,000300,沪深300,CSI 300,中国移动,China Mobile Limited,上海证券交易所,Shanghai  Exchange,0.151,9.76,1.1,1371066221714.0,140478096487.09018,1246423837921.818
157,2022-08-31,000300,沪深300,CSI 300,中联重科,Zoomlion Heavy Industry Science & Technology Co Ltd,深圳证券交易所,Shenzhen  Exchange,0.15,14.72,0.92,50505914814.0,3431108343.342391,54897733493.47826
601901,2022-08-31,000300,沪深300,CSI 300,方正证券,Founder Securities Co Ltd,上海证券交易所,Shanghai  Exchange,0.15,19.92,1.33,56636857598.0,2843215742.8714857,42584103457.14285
601800,2022-08-31,000300,沪深300,CSI 300,中国交建,China Communications Construction Company Limited,上海证券交易所,Shanghai  Exchange,0.148,5.89,0.56,130618948314.0,22176391903.904926,233248121989.2857
688005,2022-08-31,000300,沪深300,CSI 300,容百科技,"Ningbo Ronbay New Energy Technology Co., Ltd.",上海证券交易所,Shanghai  Exchange,0.146,30.65,7.4,45111700400.0,1471833618.2707994,6096175729.72973
688396,2022-08-31,000300,沪深300,CSI 300,华润微,China Resources Microelectronics Limited,上海证券交易所,Shanghai  Exchange,0.145,25.17,3.65,68169543702.0,2708364866.984505,18676587315.61644
300999,2022-08-31,000300,沪深300,CSI 300,金龙鱼,"Yihai Kerry Arawana Holdings Co., Ltd",深圳证券交易所,Shenzhen  Exchange,0.143,61.68,2.77,243754755459.0,3951925347.9085603,87998106663.89891
603290,2022-08-31,000300,沪深300,CSI 300,斯达半导,StarPower Semiconductor Ltd.,上海证券交易所,Shanghai  Exchange,0.142,96.14,12.73,66632281699.0,693075532.5462867,5234271932.364493
2555,2022-08-31,000300,沪深300,CSI 300,三七互娱,"WUHU SANQI INTERACTIVE ENTERTAINMENT NETWORK TECHNOLOGY GROUP CO.,LTD.",深圳证券交易所,Shenzhen  Exchange,0.142,13.27,3.84,44978287619.0,3389471561.3413715,11713095734.114584
600132,2022-08-31,000300,沪深300,CSI 300,重庆啤酒,Chongqing Brewery Co Ltd,上海证券交易所,Shanghai  Exchange,0.142,35.55,34.1,51736521066.0,1455317048.2700424,1517200031.260997
601916,2022-08-31,000300,沪深300,CSI 300,浙商银行,"CHINA ZHESHANG BANK CO.,LTD",上海证券交易所,Shanghai  Exchange,0.142,4.91,0.52,68485203625.0,13948106644.602852,131702314663.46153
600115,2022-08-31,000300,沪深300,CSI 300,中国东航,"China Eastern Airlines Co., Ltd.",上海证券交易所,Shanghai  Exchange,0.141,-2.4,2.75,89842334771.0,-37434306154.583336,32669939916.727272
786,2022-08-31,000300,沪深300,CSI 300,北新建材,Beijing New Building Materials Public Ltd Co,深圳证券交易所,Shenzhen  Exchange,0.14,13.79,2.32,45143649538.0,3273651163.016679,19458469628.448277
2736,2022-08-31,000300,沪深300,CSI 300,国信证券,"GUOSEN SECURITIES CO., LTD.",深圳证券交易所,Shenzhen  Exchange,0.14,13.77,1.19,88338225975.0,6415266955.337691,74233803340.33614
2236,2022-08-31,000300,沪深300,CSI 300,大华股份,Zhejiang Dahua Technology Co Ltd,深圳证券交易所,Shenzhen  Exchange,0.139,14.6,1.75,44375147917.0,3039393692.9452057,25357227381.142857
2648,2022-08-31,000300,沪深300,CSI 300,卫星化学,"SATELLITE CHEMICAL CO., LTD.",深圳证券交易所,Shenzhen  Exchange,0.138,9.42,2.41,52418589136.0,5564606065.392781,21750451923.65145
600763,2022-08-31,000300,沪深300,CSI 300,通策医疗,TOPCHOICE MEDICAL CORPORATION,上海证券交易所,Shanghai  Exchange,0.137,61.78,11.56,36520896000.0,591144318.5496924,3159247058.8235292
603185,2022-08-31,000300,沪深300,CSI 300,上机数控,"Wuxi Shangji Automation Co., Ltd.",上海证券交易所,Shanghai  Exchange,0.136,16.76,6.23,52823054689.0,3151733573.3293552,8478820977.367576
300628,2022-08-31,000300,沪深300,CSI 300,亿联网络,YEALINK NETWORK TECHNOLOGY CORPORATION LIMITED,深圳证券交易所,Shenzhen  Exchange,0.135,29.15,9.86,66274773065.0,2273577120.5831904,6721579418.356998
601100,2022-08-31,000300,沪深300,CSI 300,恒立液压,"Jiangsu Hengli Hydraulic CO., Ltd.",上海证券交易所,Shanghai  Exchange,0.134,29.19,6.63,61717420800.0,2114334388.4892085,9308811583.710407
688008,2022-08-31,000300,沪深300,CSI 300,澜起科技,"Montage Technology Co., Ltd.",上海证券交易所,Shanghai  Exchange,0.132,47.9,7.22,65230614056.0,1361808226.638831,9034711088.088642
2601,2022-08-31,000300,沪深300,CSI 300,龙佰集团,"LB Group Co., Ltd.",深圳证券交易所,Shenzhen  Exchange,0.131,8.97,2.02,40634339352.0,4530026683.61204,20116009580.19802
2008,2022-08-31,000300,沪深300,CSI 300,大族激光,"Han's Laser Technology Industry Group Co., Ltd.",深圳证券交易所,Shenzhen  Exchange,0.131,25.28,2.35,31925912824.0,1262892121.2025316,13585494818.723404
938,2022-08-31,000300,沪深300,CSI 300,紫光股份,"Unisplendour Co., Ltd.",深圳证券交易所,Shenzhen  Exchange,0.13,25.8,1.63,49507982619.0,1918914055.0,30372995471.779144
600352,2022-08-31,000300,沪深300,CSI 300,浙江龙盛,Zhejiang Longsheng Group Co Ltd,上海证券交易所,Shanghai  Exchange,0.13,10.88,1.01,31004252626.0,2849655572.2426467,30697279827.72277
2120,2022-08-31,000300,沪深300,CSI 300,韵达股份,"YUNDA Holding CO., Ltd.",深圳证券交易所,Shenzhen  Exchange,0.128,46.74,3.11,51079837600.0,1092850611.8955927,16424385080.385853
601995,2022-08-31,000300,沪深300,CSI 300,中金公司,China International Capital Corporation Limited,上海证券交易所,Shanghai  Exchange,0.128,26.11,2.56,200572522865.0,7681827761.968595,78348641744.14062
600219,2022-08-31,000300,沪深300,CSI 300,南山铝业,"Shandong Nanshan Aluminium Co., Ltd.",上海证券交易所,Shanghai  Exchange,0.127,10.93,0.91,39914608277.0,3651839732.5709057,43862206897.80219
300454,2022-08-31,000300,沪深300,CSI 300,深信服,Sangfor Technologies Inc.,深圳证券交易所,Shenzhen  Exchange,0.126,-31.2,6.54,43033463082.0,-1379277662.8846154,6580040226.605505
601336,2022-08-31,000300,沪深300,CSI 300,新华保险,New China Life Insurance Co Ltd,上海证券交易所,Shanghai  Exchange,0.126,8.62,0.86,89468596488.0,10379187527.61021,104033251730.23256
603260,2022-08-31,000300,沪深300,CSI 300,合盛硅业,"HOSHINE SILICON INDUSTRY CO.,LTD",上海证券交易所,Shanghai  Exchange,0.126,17.83,5.72,126397063446.0,7089010849.467191,22097388714.335667
603833,2022-08-31,000300,沪深300,CSI 300,欧派家居,Oppein Home Group Inc.,上海证券交易所,Shanghai  Exchange,0.125,38.2,5.37,77794795279.0,2036512965.418848,14486926495.158287
300003,2022-08-31,000300,沪深300,CSI 300,乐普医疗,Lepu Medical Technology (Beijing) Co Ltd,深圳证券交易所,Shenzhen  Exchange,0.125,13.74,2.98,34846626277.0,2536144561.6448326,11693498750.67114
2252,2022-08-31,000300,沪深300,CSI 300,上海莱士,Shanghai RAAS Blood Products Co Ltd,深圳证券交易所,Shenzhen  Exchange,0.124,18.45,1.43,39163977740.0,2122708820.596206,27387397020.979023
977,2022-08-31,000300,沪深300,CSI 300,浪潮信息,"Inspur Electronic Information Industry Co.,Ltd",深圳证券交易所,Shenzhen  Exchange,0.124,17.77,2.24,33914149486.0,1908505879.9099607,15140245306.249998
601618,2022-08-31,000300,沪深300,CSI 300,中国中冶,Metallurgical Corporation of China Co Ltd,上海证券交易所,Shanghai  Exchange,0.12,5.61,0.77,65901108961.0,11747078246.167557,85585855793.50648
300601,2022-08-31,000300,沪深300,CSI 300,康泰生物,"Shenzhen Kangtai Biological Products Co., Ltd.",深圳证券交易所,Shenzhen  Exchange,0.119,155.38,4.29,37446826699.0,241001587.71399152,8728864032.400932
300529,2022-08-31,000300,沪深300,CSI 300,健帆生物,"Jafron Biomedical Co.,Ltd.",深圳证券交易所,Shenzhen  Exchange,0.119,25.35,11.58,37938924620.0,1496604521.4990137,3276245649.3955092
2841,2022-08-31,000300,沪深300,CSI 300,视源股份,Guangzhou Shiyuan Electronic Technology Company Limited,深圳证券交易所,Shenzhen  Exchange,0.118,34.83,4.49,47134240427.0,1353265587.912719,10497603658.57461
603392,2022-08-31,000300,沪深300,CSI 300,万泰生物,"BEIJING WANTAI BIOLOGICAL PHARMACY ENTERPRISE CO., LTD.",上海证券交易所,Shanghai  Exchange,0.118,21.8,11.18,117417702661.0,5386133149.587155,10502477876.654741
688126,2022-08-31,000300,沪深300,CSI 300,沪硅产业,"National Silicon Industry Group Co.,Ltd.",上海证券交易所,Shanghai  Exchange,0.117,500.12,4.16,55070238525.0,110114049.67807727,13238038106.971153
600845,2022-08-31,000300,沪深300,CSI 300,宝信软件,Shanghai Baosight Software Co Ltd,上海证券交易所,Shanghai  Exchange,0.117,38.03,7.38,75351747480.0,1981376478.5695503,10210263886.178862
69,2022-08-31,000300,沪深300,CSI 300,华侨城A,Shenzhen Overseas Chinese Town Co Ltd,深圳证券交易所,Shenzhen  Exchange,0.115,200.66,0.55,42321256601.0,210910279.08402273,76947739274.54546
2007,2022-08-31,000300,沪深300,CSI 300,华兰生物,Hualan Biological Engineering INC,深圳证券交易所,Shenzhen  Exchange,0.113,31.37,3.69,36578552856.0,1166036112.7191584,9912886952.845528
300433,2022-08-31,000300,沪深300,CSI 300,蓝思科技,"Lens Technology Co., Ltd.",深圳证券交易所,Shenzhen  Exchange,0.113,-88.95,1.31,54210931978.0,-609453985.1377178,41382390822.900764
600489,2022-08-31,000300,沪深300,CSI 300,中金黄金,Zhongjin Gold Co Ltd,上海证券交易所,Shanghai  Exchange,0.112,14.65,1.4,35336908592.0,2412075671.8088737,25240648994.285717
601878,2022-08-31,000300,沪深300,CSI 300,浙商证券,"ZHESHANG SECURITIES CO., LTD.",上海证券交易所,Shanghai  Exchange,0.111,28.87,1.67,42000568050.0,1454817043.643921,25150040748.502995
601360,2022-08-31,000300,沪深300,CSI 300,三六零,360 Security Technology Inc.,上海证券交易所,Shanghai  Exchange,0.11,-66.19,1.61,52732780394.0,-796688025.2908294,32753279747.826084
300413,2022-08-31,000300,沪深300,CSI 300,芒果超媒,"Mango Excellent Media Co., Ltd.",深圳证券交易所,Shenzhen  Exchange,0.109,22.02,2.88,52436304444.0,2381303562.39782,18207050154.166668
2938,2022-08-31,000300,沪深300,CSI 300,鹏鼎控股,"Avary Holding (Shenzhen) Co., Limited",深圳证券交易所,Shenzhen  Exchange,0.108,23.9,2.82,68195557874.0,2853370622.3430963,24182821941.134754
600918,2022-08-31,000300,沪深300,CSI 300,中泰证券,"ZHONGTAI SECURITIES CO., LTD.",上海证券交易所,Shanghai  Exchange,0.108,27.83,1.41,50731595504.0,1822910366.6546893,35979854967.375885
601865,2022-08-31,000300,沪深300,CSI 300,福莱特,"Flat Glass Group CO.,LTD.",上海证券交易所,Shanghai  Exchange,0.107,40.98,6.39,82183073763.0,2005443478.8433383,12861200901.877935
601728,2022-08-31,000300,沪深300,CSI 300,中国电信,China Telecom Corporation Limited,上海证券交易所,Shanghai  Exchange,0.107,9.48,0.8,346812055669.0,36583550176.05485,433515069586.25
2602,2022-08-31,000300,沪深300,CSI 300,世纪华通,"ZHEJIANG CENTURY HUATONG GROUP CO., LTD",深圳证券交易所,Shenzhen  Exchange,0.107,35.53,1.09,34505338762.0,971160674.4159864,31656274093.57798
601799,2022-08-31,000300,沪深300,CSI 300,星宇股份,Changzhou Xingyu Automotive Lighting Systems Co Ltd,上海证券交易所,Shanghai  Exchange,0.105,44.24,5.06,40480773672.0,915026529.6564195,8000152899.604744
703,2022-08-31,000300,沪深300,CSI 300,恒逸石化,Hengyi Petrochemical Co Ltd,深圳证券交易所,Shenzhen  Exchange,0.104,9.12,1.19,33069851328.0,3626080189.4736843,27789791031.932774
708,2022-08-31,000300,沪深300,CSI 300,中信特钢,"CITIC Pacific Special Steel Group Co., Ltd",深圳证券交易所,Shenzhen  Exchange,0.104,12.58,2.93,95037710843.0,7554666998.648648,32436078786.006824
600332,2022-08-31,000300,沪深300,CSI 300,白云山,GUANGZHOU BAIYUNSHAN PHARMACEUTICAL HOLDINGS COMPANY LIMITED,上海证券交易所,Shanghai  Exchange,0.1,8.56,1.45,44335319179.0,5179359717.172897,30576082192.413795
300595,2022-08-31,000300,沪深300,CSI 300,欧普康视,AUTEK CHINA INC.,深圳证券交易所,Shenzhen  Exchange,0.1,72.07,9.64,37225001050.0,516511739.2812544,3861514631.7427382
601155,2022-08-31,000300,沪深300,CSI 300,新城控股,"Future Land Holdings Co., Ltd.",上海证券交易所,Shanghai  Exchange,0.099,7.63,0.74,45911474766.0,6017231293.053736,62042533467.567566
603486,2022-08-31,000300,沪深300,CSI 300,科沃斯,"Ecovacs Robotics Co., Ltd.",上海证券交易所,Shanghai  Exchange,0.098,26.1,8.28,45783060527.0,1754140250.0766282,5529355136.111112
2414,2022-08-31,000300,沪深300,CSI 300,高德红外,Wuhan Guide Infrared Co Ltd,深圳证券交易所,Shenzhen  Exchange,0.098,66.53,7.06,50164723368.0,754016584.5182624,7105484896.317281
603882,2022-08-31,000300,沪深300,CSI 300,金域医学,"Guangzhou Kingmed Diagnostics Group Co., Ltd.",上海证券交易所,Shanghai  Exchange,0.098,9.37,3.83,30798119103.0,3286885710.032017,8041284361.096605
600161,2022-08-31,000300,沪深300,CSI 300,天坛生物,Beijing Tiantan Biological Products Co Ltd,上海证券交易所,Shanghai  Exchange,0.096,47.69,4.42,36713196507.0,769830079.8280562,8306153055.882353
300033,2022-08-31,000300,沪深300,CSI 300,同花顺,"Hithink Royalflush Information Network Co.,Ltd.",深圳证券交易所,Shenzhen  Exchange,0.096,46.31,7.46,44911104000.0,969792787.7348305,6020255227.882037
601898,2022-08-31,000300,沪深300,CSI 300,中煤能源,China Coal Energy Co Ltd,上海证券交易所,Shanghai  Exchange,0.096,4.99,1.07,133382153804.0,26729890541.883766,124656218508.41121
600183,2022-08-31,000300,沪深300,CSI 300,生益科技,"Shengyi Technology Co.,Ltd.",上海证券交易所,Shanghai  Exchange,0.096,19.76,2.85,36953559643.0,1870119415.1315787,12966161278.245613
601021,2022-08-31,000300,沪深300,CSI 300,春秋航空,"Spring Airlines Co., Ltd.",上海证券交易所,Shanghai  Exchange,0.094,-17.3,3.46,43082912138.0,-2490341742.080925,12451708710.404625
66,2022-08-31,000300,沪深300,CSI 300,中国长城,"CHINA GREATWALL TECHNOLOGY GROUP CO., LTD.",深圳证券交易所,Shenzhen  Exchange,0.092,-50.18,2.21,29870899546.0,-595275000.9166999,13516244138.461538
600018,2022-08-31,000300,沪深300,CSI 300,上港集团,Shanghai International Port (Group) Co Ltd,上海证券交易所,Shanghai  Exchange,0.092,5.71,1.17,123405967175.0,21612253445.709282,105475185619.65813
2916,2022-08-31,000300,沪深300,CSI 300,深南电路,"Shennan Circuits Co., Ltd.",深圳证券交易所,Shenzhen  Exchange,0.091,28.86,3.82,43415320866.0,1504342372.3492725,11365267242.408377
300919,2022-08-31,000300,沪深300,CSI 300,中伟股份,"CNGR Advanced Material Co.,Ltd.",深圳证券交易所,Shenzhen  Exchange,0.089,42.75,5.4,56479540504.0,1321158842.1988304,10459174167.407406
600362,2022-08-31,000300,沪深300,CSI 300,江西铜业,Jiangxi Copper Co Ltd,上海证券交易所,Shanghai  Exchange,0.089,8.08,0.82,55992334479.0,6929744366.212872,68283334730.48781
600061,2022-08-31,000300,沪深300,CSI 300,国投资本,"SDIC Capital Co., Ltd",上海证券交易所,Shanghai  Exchange,0.088,11.2,0.89,41764477424.0,3728971198.571429,46926379128.08989
688036,2022-08-31,000300,沪深300,CSI 300,传音控股,"SHENZHEN TRANSSION HOLDINGS CO., LTD.",上海证券交易所,Shanghai  Exchange,0.086,16.34,3.68,54025463520.0,3306331916.768666,14680832478.260868
603899,2022-08-31,000300,沪深300,CSI 300,晨光股份,SHANGHAI M&G STATIONERY INC.,上海证券交易所,Shanghai  Exchange,0.086,38.57,6.55,40785054200.0,1057429458.1280788,6226725832.061069
300957,2022-08-31,000300,沪深300,CSI 300,贝泰妮,"Yunnan Botanee Bio-Technology Group Co., Ltd.",深圳证券交易所,Shenzhen  Exchange,0.083,97.26,15.69,76841040000.0,790057988.8957434,4897453154.875717
601319,2022-08-31,000300,沪深300,CSI 300,中国人保,The People's Insurance Company (Group) of China Limited,上海证券交易所,Shanghai  Exchange,0.083,6.19,1.0,221119952915.0,35722124865.105,221119952915.0
300223,2022-08-31,000300,沪深300,CSI 300,北京君正,Ingenic Semiconductor Co Ltd,深圳证券交易所,Shenzhen  Exchange,0.082,38.13,3.6,38973452897.0,1022120453.6323104,10825959138.055555
2600,2022-08-31,000300,沪深300,CSI 300,领益智造,LINGYI iTECH (GUANGDONG) COMPANY,深圳证券交易所,Shenzhen  Exchange,0.081,41.02,2.43,39486966610.0,962627172.3549488,16249780497.942387
688169,2022-08-31,000300,沪深300,CSI 300,石头科技,"Beijing Roborock Technology Co., Ltd.",上海证券交易所,Shanghai  Exchange,0.078,23.77,3.28,29308195422.0,1232990972.7387464,8935425433.536587
408,2022-08-31,000300,沪深300,CSI 300,藏格矿业,ZANGGE MINING COMPANY LIMITED,深圳证券交易所,Shenzhen  Exchange,0.078,9.65,5.14,46259334587.0,4793713428.704663,8999870542.2179
601216,2022-08-31,000300,沪深300,CSI 300,君正集团,"Inner Mongolia Junzheng Energy & Chemical Group Co.,Ltd.",上海证券交易所,Shanghai  Exchange,0.077,8.97,1.55,36452235125.0,4063794328.316611,23517571048.387096
688363,2022-08-31,000300,沪深300,CSI 300,华熙生物,Bloomage Biotechnology Corporation Limited,上海证券交易所,Shanghai  Exchange,0.072,71.91,11.21,68063944990.0,946515713.9479905,6071716769.84835
601998,2022-08-31,000300,沪深300,CSI 300,中信银行,China Citic Bank Corporation Limited,上海证券交易所,Shanghai  Exchange,0.072,3.44,0.43,223632235512.0,65009370788.37209,520074966306.97675
688561,2022-08-31,000300,沪深300,CSI 300,奇安信,Qi An Xin Technology Group Inc.,上海证券交易所,Shanghai  Exchange,0.071,-18.92,3.85,34417863977.0,-1819126003.0126848,8939704929.090908
601966,2022-08-31,000300,沪深300,CSI 300,玲珑轮胎,"Shandong Linglong Tyre Co., Ltd.",上海证券交易所,Shanghai  Exchange,0.071,149.63,1.76,33137855152.0,221465315.45813006,18828326790.909092
600606,2022-08-31,000300,沪深300,CSI 300,绿地控股,Greenland Holdings Corporation Limited,上海证券交易所,Shanghai  Exchange,0.069,5.2,0.46,43708618957.0,8405503645.576922,95018736863.04347
600025,2022-08-31,000300,沪深300,CSI 300,华能水电,HuanengLancang River Hydropower Inc.,上海证券交易所,Shanghai  Exchange,0.069,17.5,2.59,134460000000.0,7683428571.428572,51915057915.057915
603160,2022-08-31,000300,沪深300,CSI 300,汇顶科技,"Shenzhen Huiding Technology Co., Ltd.",上海证券交易所,Shanghai  Exchange,0.068,617.18,3.08,26028670220.0,42173547.78184646,8450866954.545454
601881,2022-08-31,000300,沪深300,CSI 300,中国银河,"China Galaxy Securities Co., Ltd.",上海证券交易所,Shanghai  Exchange,0.067,10.88,1.15,94175133853.0,8655802743.841911,81891420741.73914
600655,2022-08-31,000300,沪深300,CSI 300,豫园股份,"SHANGHAI YUYUAN TOURIST MART (GROUP) CO., LTD.",上海证券交易所,Shanghai  Exchange,0.065,20.74,0.93,31284467911.0,1508412146.1427195,33639212807.52688
2568,2022-08-31,000300,沪深300,CSI 300,百润股份,"SHANGHAI BAIRUN INVESTMENT HOLDING GROUP CO.,LTD.",深圳证券交易所,Shenzhen  Exchange,0.064,54.18,7.06,23933145374.0,441733949.31709117,3389963933.9943347
2791,2022-08-31,000300,沪深300,CSI 300,坚朗五金,"Guangdong KinLong Hardware Products Co.,Ltd.",深圳证券交易所,Shenzhen  Exchange,0.064,-182.8,6.72,31182949200.0,-170585061.2691466,4640319821.428572
688065,2022-08-31,000300,沪深300,CSI 300,凯赛生物,Cathay Biotech Inc.,上海证券交易所,Shanghai  Exchange,0.064,60.19,3.76,40501183933.0,672888917.3118459,10771591471.542553
603195,2022-08-31,000300,沪深300,CSI 300,公牛集团,"GONGNIU GROUP CO., LTD.",上海证券交易所,Shanghai  Exchange,0.061,29.7,8.46,89571710580.0,3015882511.111111,10587672645.39007
2064,2022-08-31,000300,沪深300,CSI 300,华峰化学,"Huafon Chemical Co., Ltd.",深圳证券交易所,Shenzhen  Exchange,0.059,7.74,1.63,37070202911.0,4789431900.645995,22742455773.619633
300866,2022-08-31,000300,沪深300,CSI 300,安克创新,"Anker Innovations Technology Co., Ltd",深圳证券交易所,Shenzhen  Exchange,0.052,21.59,3.95,24861152252.0,1151512378.5085688,6293962595.443038
601808,2022-08-31,000300,沪深300,CSI 300,中海油服,China Oilfield Services Limited,上海证券交易所,Shanghai  Exchange,0.045,32.48,1.87,71621595920.0,2205098396.5517244,38300318673.79679
2607,2022-08-31,000300,沪深300,CSI 300,中公教育,"Offcn Education Technology Co., Ltd.",深圳证券交易所,Shenzhen  Exchange,0.044,-15.71,28.06,27999993226.0,-1782303833.6091661,997861483.4640057
603087,2022-08-31,000300,沪深300,CSI 300,甘李药业,Gan & Lee Pharmaceuticals,上海证券交易所,Shanghai  Exchange,0.043,-52.05,2.1,20569210200.0,-395181752.16138333,9794862000.0
601236,2022-08-31,000300,沪深300,CSI 300,红塔证券,"HONGTA SECURITIES CO., LTD.",上海证券交易所,Shanghai  Exchange,0.042,59.76,1.69,39007834626.0,652741543.2730924,23081558950.29586
800,2022-08-31,000300,沪深300,CSI 300,一汽解放,"FAW Jiefang Group Co., Ltd",深圳证券交易所,Shenzhen  Exchange,0.04,110.78,1.6,37698328365.0,340299046.44340134,23561455228.125
2032,2022-08-31,000300,沪深300,CSI 300,苏泊尔,"Zhejiang Supor Co.,Ltd",深圳证券交易所,Shenzhen  Exchange,0.039,19.85,5.31,37036375001.0,1865812342.6196473,6974835216.760829
605499,2022-08-31,000300,沪深300,CSI 300,东鹏饮料,"Eastroc Beverage (Group) Co.,Ltd.",上海证券交易所,Shanghai  Exchange,0.035,38.73,13.31,58453461300.0,1509255391.169636,4391695063.861758
877,2022-08-31,000300,沪深300,CSI 300,天山股份,Xinjiang Tianshan Cement Co Ltd,深圳证券交易所,Shenzhen  Exchange,0.031,12.03,1.03,83775298611.0,6963865221.197008,81335241369.90291
300979,2022-08-31,000300,沪深300,CSI 300,华利集团,Huali Industrial Group Company Limited,深圳证券交易所,Shenzhen  Exchange,0.03,22.3,6.05,69646560000.0,3123164125.560538,11511828099.173553
601825,2022-08-31,000300,沪深300,CSI 300,沪农商行,"Shanghai Rural Commercial Bank Co.,Ltd.",上海证券交易所,Shanghai  Exchange,0.028,4.61,0.56,53912444448.0,11694673416.05206,96272222228.57143
601698,2022-08-31,000300,沪深300,CSI 300,中国卫通,"China Satellite Communications Co.,Ltd.",上海证券交易所,Shanghai  Exchange,0.026,88.31,4.09,50080000000.0,567093194.428717,12244498777.506113
1289,2022-08-31,000300,沪深300,CSI 300,龙源电力,China Longyuan Power Group Corporation Limited,深圳证券交易所,Shenzhen  Exchange,0.017,20.22,2.78,175183030128.0,8663849165.578636,63015478463.30936
